Workbook

Sheet Лист ответов
B2: № | C2: ЗАДАНИЕ | D2: ОТВЕТ | F2: СТАТУС
A3: 1 | B3: 1 | C3: Вычислите общую сумму начислений для всех абонентов в тенге | D3: =SUM('База данных'!D1:D624) -> 3899.58 | F3: =IF(ISERROR(IF(ROUND(D3,2)=ROUND(O3,2),"Правильный ответ","Неправильный ответ")),"Неправильный ответ",IF(ROUND(D3,2)=ROUND(O3,2),"Правильный ответ","Неправильный ответ")) -> Правильный ответ | O3: 3899.58
A4: 2 | B4: =IF(C4="","",A4) -> 2 | C4: =IF(F3="Правильный ответ","Вычислите общую продолжительность разговоров для всех абонентов в секундах","") -> Вычислите общую продолжительность разговоров для всех абонентов в секундах | D4: =SUM('База данных'!E1:E624) -> 7883 | F4: =IF(ISERROR(IF(D4=D4,"Правильный ответ","Неправильный ответ")),"Неправильный ответ",IF(D4=O4,"Правильный ответ","Неправильный ответ")) -> Правильный ответ | O4: 7883
A5: 3 | B5: =IF(C5="","",A5) -> 3 | C5: =IF(F4="Правильный ответ","Вычислите общее количество звонков всех абонентов (одна строка = один звонок)","") -> Вычислите общее количество звонков всех абонентов (одна строка = один звонок) | D5: =COUNTA('База данных'!A2:A624) -> 623 | F5: =IF(ISERROR(IF(D5=D5,"Правильный ответ","Неправильный ответ")),"Неправильный ответ",IF(D5=O5,"Правильный ответ","Неправильный ответ")) -> Правильный ответ | O5: 623
A6: 4 | B6: =IF(C6="","",A6) -> 4 | C6: =IF(F5="Правильный ответ","Вычислите общую продолжительность разговоров для всех абонентов в минутах, округлив значение до десятичного знака (математическое округление)","") -> Вычислите общую продолжительность разговоров для всех абонентов в минутах, округлив значение до десятичного знака (математическое округление) | D6: =ROUND(D4/60, 1) -> 131.4 | F6: =IF(ISERROR(IF(D6=D6,"Правильный ответ","Неправильный ответ")),"Неправильный ответ",IF(D6=O6,"Правильный ответ","Неправильный ответ")) -> Правильный ответ | O6: 131.4
A7: 5 | B7: =IF(C7="","",A7) -> 5 | C7: =IF(F6="Правильный ответ","Вычислите сумму начислений для звонков внутри сети","") -> Вычислите сумму начислений для звонков внутри сети | D7: =SUMIF('База данных'!C1:C624, "Внутри сети", 'База данных'!D1:D624) -> 3172.39 | F7: =IF(ISERROR(IF(ROUND(D7,2)=ROUND(O7,2),"Правильный ответ","Неправильный ответ")),"Неправильный ответ",IF(ROUND(D7,2)=ROUND(O7,2),"Правильный ответ","Неправильный ответ")) -> Правильный ответ | O7: 3172.39
A8: 6 | B8: =IF(C8="","",A8) -> 6 | C8: =IF(F7="Правильный ответ","Вычислите продолжительность разговоров на других операторов в секундах","") -> Вычислите продолжительность разговоров на других операторов в секундах | D8: =SUMIF('База данных'!C1:C624, "На других операторов", 'База данных'!E1:E624) -> 362 | F8: =IF(ISERROR(IF(D8=D8,"Правильный ответ","Неправильный ответ")),"Неправильный ответ",IF(D8=O8,"Правильный ответ","Неправильный ответ")) -> Правильный ответ | O8: 362
A9: 7 | B9: =IF(C9="","",A9) -> 7 | C9: =IF(F8="Правильный ответ","Вычислите общее количество звонков на тарифном плане 2 (одна строка = один звонок)","") -> Вычислите общее количество звонков на тарифном плане 2 (одна строка = один звонок) | D9: =COUNTIF('База данных'!B1:B624, 2) -> 66 | F9: =IF(ISERROR(IF(D9=D9,"Правильный ответ","Неправильный ответ")),"Неправильный ответ",IF(D9=O9,"Правильный ответ","Неправильный ответ")) -> Правильный ответ | O9: 66
A10: 8 | B10: =IF(C10="","",A10) -> 8 | C10: =IF(F9="Правильный ответ","Вычислите среднюю стоимость одной минуты разговора всех абонентов по всем направлениям и округлите ее до сотых (математическое округление)","") -> Вычислите среднюю стоимость одной минуты разговора всех абонентов по всем направлениям и округлите ее до сотых (математическое округление) | D10: =ROUND(D3/(D4/60), 2) -> 29.68 | F10: =IF(ISERROR(IF(D10=D10,"Правильный ответ","Неправильный ответ")),"Неправильный ответ",IF(D10=O10,"Правильный ответ","Неправильный ответ")) -> Правильный ответ | O10: 29.68
A11: 9 | B11: =IF(C11="","",A11) -> 9 | C11: =IF(F10="Правильный ответ","Вычислите среднюю продолжительность одного звонка всех абонентов по всем направлениям в секундах и округлите ее до целого числа (математическое округление)","") -> Вычислите среднюю продолжительность одного звонка всех абонентов по всем направлениям в секундах и округлите ее до целого числа (математическое округление) | D11: =ROUND(D4/D5,0) -> 13 | F11: =IF(ISERROR(IF(D11=D11,"Правильный ответ","Неправильный ответ")),"Неправильный ответ",IF(D11=O11,"Правильный ответ","Неправильный ответ")) -> Правильный ответ | O11: 13
A12: 10 | B12: =IF(C12="","",A12) -> 10 | C12: =IF(F11="Правильный ответ","Вычислите сумму продолжительности разговоров в секундах на городской для тарифного плана 5","") -> Вычислите сумму продолжительности разговоров в секундах на городской для тарифного плана 5 | D12: =SUMIFS('База данных'!E1:E624,'База данных'!B1:B624,5,'База данных'!C1:C624,"На городской") -> 33 | F12: =IF(ISERROR(IF(D12=D12,"Правильный ответ","Неправильный ответ")),"Неправильный ответ",IF(D12=O12,"Правильный ответ","Неправильный ответ")) -> Правильный ответ | O12: 33
A13: 11 | B13: =IF(C13="","",A13) -> 11 | C13: =IF(F12="Правильный ответ","Вычислите количество звонков на межнар для тарифного плана 1","") -> Вычислите количество звонков на межнар для тарифного плана 1 | D13: =SUMIFS('База данных'!B1:B624,'База данных'!B1:B624,1,'База данных'!C1:C624,"На межнар") -> 6 | F13: =IF(ISERROR(IF(D13=D13,"Правильный ответ","Неправильный ответ")),"Неправильный ответ",IF(D13=O13,"Правильный ответ","Неправильный ответ")) -> Правильный ответ | O13: 6
A14: 12 | B14: =IF(C14="","",A14) -> 12 | C14: =IF(F13="Правильный ответ","Вычислите долю продолжительности внутрисетевых звонков от всех звонков. Округлите до сотых в процентах","") -> Вычислите долю продолжительности внутрисетевых звонков от всех звонков. Округлите до сотых в процентах | D14: =ROUND(SUMIF('База данных'!C1:C624, "Внутри сети", 'База данных'!E1:E624) / D4, 4) -> 0.9155 | F14: =IF(ISERROR(IF(D14=D14,"Правильный ответ","Неправильный ответ")),"Неправильный ответ",IF(D14=O14,"Правильный ответ","Неправильный ответ")) -> Правильный ответ | O14: 0.9155
A15: 13 | B15: =IF(C15="","",A15) -> 13 | C15: =IF(F14="Правильный ответ","Вычислите долю начислений тарифного плана 1 от общих начислений по всем тарифам. Округлите до сотых в процентах","") -> Вычислите долю начислений тарифного плана 1 от общих начислений по всем тарифам. Округлите до сотых в процентах | D15: =ROUND(SUMIF('База данных'!B1:B624,1,'База данных'!D1:D624)/'Лист ответов'!D3,4) -> 0.3642 | F15: =IF(ISERROR(IF(D15=D15,"Правильный ответ","Неправильный ответ")),"Неправильный ответ",IF(D15=O15,"Правильный ответ","Неправильный ответ")) -> Правильный ответ | O15: 0.3642
A16: 14 | B16: =IF(C16="","",A16) -> 14 | C16: =IF(F15="Правильный ответ","Вычислите общее количество уникальных абонентов","") -> Вычислите общее количество уникальных абонентов | D16: =SUM('База данных'!F1:F624) -> 292 | F16: =IF(ISERROR(IF(D16=D16,"Правильный ответ","Неправильный ответ")),"Неправильный ответ",IF(D16=O16,"Правильный ответ","Неправильный ответ")) -> Правильный ответ | O16: 292
A17: 15 | B17: =IF(C17="","",A17) -> 15 | C17: =IF(F16="Правильный ответ","Укажите общее количество уникальных пользователей внутрисетевых звонков","") -> Укажите общее количество уникальных пользователей внутрисетевых звонков | D17: =SUM('База данных'!G1:G624) -> 290 | F17: =IF(ISERROR(IF(D17=D17,"Правильный ответ","Неправильный ответ")),"Неправильный ответ",IF(D17=O17,"Правильный ответ","Неправильный ответ")) -> Правильный ответ | O17: 290
A18: 16 | B18: =IF(C18="","",A18) -> 16 | C18: =IF(F17="Правильный ответ","Укажите общее количество уникальных абонентов на тарифном плане 6","") -> Укажите общее количество уникальных абонентов на тарифном плане 6 | D18: =SUM('База данных'!H1:H624) -> 63 | F18: =IF(ISERROR(IF(D18=D18,"Правильный ответ","Неправильный ответ")),"Неправильный ответ",IF(D18=O18,"Правильный ответ","Неправильный ответ")) -> Правильный ответ | O18: 63
A19: 17 | B19: =IF(C19="","",A19) -> 17 | C19: =IF(F18="Правильный ответ","Вычислите долю уникальных абонентов тарифного плана 2 от общего количества уникальных абонентов по всем тарифам. Округлите до сотых","") -> Вычислите долю уникальных абонентов тарифного плана 2 от общего количества уникальных абонентов по всем тарифам. Округлите до сотых | D19: =ROUND(SUM('База данных'!I1:I624) / D16, 4) -> 0.1096 | F19: =IF(ISERROR(IF(D19=D19,"Правильный ответ","Неправильный ответ")),"Неправильный ответ",IF(D19=O19,"Правильный ответ","Неправильный ответ")) -> Правильный ответ | O19: 0.1096
A20: 18 | B20: =IF(C20="","",A20) -> 18 | C20: =IF(F19="Правильный ответ","Рассчитайте средние начисления в тенге на одного уникального абонента, округлите значение до сотых","") -> Рассчитайте средние начисления в тенге на одного уникального абонента, округлите значение до сотых | D20: =ROUND(D3/D16, 2) -> 13.35 | F20: =IF(ISERROR(IF(D20=D20,"Правильный ответ","Неправильный ответ")),"Неправильный ответ",IF(D20=O20,"Правильный ответ","Неправильный ответ")) -> Правильный ответ | O20: 13.35
A21: 19 | B21: =IF(C21="","",A21) -> 19 | C21: =IF(F20="Правильный ответ","Рассчитайте среднюю продолжительность разговоров одного уникального абонента в минутах, округлите значение до десятых","") -> Рассчитайте среднюю продолжительность разговоров одного уникального абонента в минутах, округлите значение до десятых | D21: =ROUND((D4/60)/D16, 1) -> 0.4 | F21: =IF(ISERROR(IF(D21=D21,"Правильный ответ","Неправильный ответ")),"Неправильный ответ",IF(D21=O21,"Правильный ответ","Неправильный ответ")) -> Правильный ответ | O21: 0.4
A22: 20 | B22: =IF(C22="","",A22) -> 20 | C22: =IF(F21="Правильный ответ","Укажите продолжительность разговоров на тарифном плане, на котором сидит абонент 77010000055","") -> Укажите продолжительность разговоров на тарифном плане, на котором сидит абонент 77010000055 | D22: =SUMIF('База данных'!B1:B624, 1, 'База данных'!E1:E624) -> 2705 | F22: =IF(ISERROR(IF(D22=D22,"Правильный ответ","Неправильный ответ")),"Неправильный ответ",IF(D22=O22,"Правильный ответ","Неправильный ответ")) -> Правильный ответ | O22: 2705
A23: 21 | B23: =IF(C23="","",A23) -> 21 | C23: =IF(F22="Правильный ответ","Укажите абонента, у которого наибольшее начисление","") -> Укажите абонента, у которого наибольшее начисление | D23: =INDEX('База данных'!A1:A624, MATCH(MAX('База данных'!D1:D624), 'База данных'!D1:D624, 0)) -> 77010000109 | F23: =IF(ISERROR(IF(D23=D23,"Правильный ответ","Неправильный ответ")),"Неправильный ответ",IF(D23=O23,"Правильный ответ","Неправильный ответ")) -> Правильный ответ | O23: 77010000109
A24: 22 | B24: =IF(C24="","",A24) -> 22 | C24: =IF(F23="Правильный ответ","Укажите абонента, у которого наибольшая продолжительность разговоров на тарифном плане 5","") -> Укажите абонента, у которого наибольшая продолжительность разговоров на тарифном плане 5 | D24: 77010000211 | F24: =IF(ISERROR(IF(D24=D24,"Правильный ответ","Неправильный ответ")),"Неправильный ответ",IF(D24=O24,"Правильный ответ","Неправильный ответ")) -> Правильный ответ | O24: 77010000211
A25: 23 | B25: =IF(C25="","",A25) -> 23 | C25: =IF(F24="Правильный ответ","Укажите абонента, который на 7 месте по общей сумме начислений","") -> Укажите абонента, который на 7 месте по общей сумме начислений | D25: 77010000133 | F25: =IF(ISERROR(IF(D25=D25,"Правильный ответ","Неправильный ответ")),"Неправильный ответ",IF(D25=O25,"Правильный ответ","Неправильный ответ")) -> Правильный ответ | O25: 77010000133
A26: 24 | B26: =IF(C26="","",A26) -> 24 | C26: =IF(F25="Правильный ответ","Какое направление не используется абонентами тарифного плана 6 (ответов может быть несколько, вписывать через запятую)","") -> Какое направление не используется абонентами тарифного плана 6 (ответов может быть несколько, вписывать через запятую) | D26: На городской, Другое | F26: =IF(ISERROR(IF(OR(UPPER(TRIM(LEFT(D26,SEARCH(",",D26,1)-1)))&","&UPPER(TRIM(RIGHT(D26,LEN(D26)-SEARCH(",",D26,1))))=O26&","&P26,UPPER(TRIM(LEFT(D26,SEARCH(",",D26,1)-1)))&","&UPPER(TRIM(RIGHT(D26,LEN(D26)-SEARCH(",",D26,1))))=P26&","&O26),"Правильный ответ","Неправильный ответ")),"Неправильный ответ",IF(OR(UPPER(TRIM(LEFT(D26,SEARCH(",",D26,1)-1)))&","&UPPER(TRIM(RIGHT(D26,LEN(D26)-SEARCH(",",D26,1))))=O26&","&P26,UPPER(TRIM(LEFT(D26,SEARCH(",",D26,1)-1)))&","&UPPER(TRIM(RIGHT(D26,LEN(D26)-SEARCH(",",D26,1))))=P26&","&O26),"Правильный ответ","Неправильный ответ")) -> Правильный ответ | O26: НА ГОРОДСКОЙ | P26: ДРУГОЕ
C27: =IF(F26="Правильный ответ","Тест пройден. Поздравляем!","") -> Тест пройден. Поздравляем!

Sheet База данных
A1: Абонент | B1: Тарифный план | C1: Направление звонка | D1: Начисления, тенге | E1: Продолжительность разговора, секунды | F1: УНИК | G1: УНИК (внутри сети) | H1: УНИК (ТП 6) | I1: УНИК (ТП 2)
A2: 77010000068 | B2: 1 | C2: Внутри сети | D2: 0 | E2: 0 | F2: =IF(COUNTIF($A$2:A2, A2)=1, 1, 0) -> 1 | G2: =IF(AND(C2="Внутри сети", COUNTIFS($A$2:A2, A2, $C$2:C2, "Внутри сети")=1), 1, 0) -> 1 | H2: =IF(AND(B2=6, COUNTIFS($A$2:A2, A2, $B$2:B2, 6)=1), 1, 0) -> 0 | I2: =IF(AND(B2=2, COUNTIFS($A$2:A2, A2, $B$2:B2, 2)=1), 1, 0) -> 0 | J2: у меня нет фунции УНИК, поэтому созадала отдельный столбец
A3: 77010000001 | B3: 1 | C3: Внутри сети | D3: 0.43 | E3: 1 | F3: =IF(COUNTIF($A$2:A3, A3)=1, 1, 0) -> 1 | G3: =IF(AND(C3="Внутри сети", COUNTIFS($A$2:A3, A3, $C$2:C3, "Внутри сети")=1), 1, 0) -> 1 | H3: =IF(AND(B3=6, COUNTIFS($A$2:A3, A3, $B$2:B3, 6)=1), 1, 0) -> 0 | I3: =IF(AND(B3=2, COUNTIFS($A$2:A3, A3, $B$2:B3, 2)=1), 1, 0) -> 0 | J3: 1 - если абонент встретился впервые в таблице, и 0 - если это повтор
A4: 77010000003 | B4: 1 | C4: Внутри сети | D4: 0.43 | E4: 1 | F4: =IF(COUNTIF($A$2:A4, A4)=1, 1, 0) -> 1 | G4: =IF(AND(C4="Внутри сети", COUNTIFS($A$2:A4, A4, $C$2:C4, "Внутри сети")=1), 1, 0) -> 1 | H4: =IF(AND(B4=6, COUNTIFS($A$2:A4, A4, $B$2:B4, 6)=1), 1, 0) -> 0 | I4: =IF(AND(B4=2, COUNTIFS($A$2:A4, A4, $B$2:B4, 2)=1), 1, 0) -> 0
A5: 77010000004 | B5: 1 | C5: Внутри сети | D5: 0.43 | E5: 1 | F5: =IF(COUNTIF($A$2:A5, A5)=1, 1, 0) -> 1 | G5: =IF(AND(C5="Внутри сети", COUNTIFS($A$2:A5, A5, $C$2:C5, "Внутри сети")=1), 1, 0) -> 1 | H5: =IF(AND(B5=6, COUNTIFS($A$2:A5, A5, $B$2:B5, 6)=1), 1, 0) -> 0 | I5: =IF(AND(B5=2, COUNTIFS($A$2:A5, A5, $B$2:B5, 2)=1), 1, 0) -> 0 | K5: Названия строк | L5: Сумма по полю Продолжительность разговора, секунды
A6: 77010000008 | B6: 1 | C6: Внутри сети | D6: 0.43 | E6: 1 | F6: =IF(COUNTIF($A$2:A6, A6)=1, 1, 0) -> 1 | G6: =IF(AND(C6="Внутри сети", COUNTIFS($A$2:A6, A6, $C$2:C6, "Внутри сети")=1), 1, 0) -> 1 | H6: =IF(AND(B6=6, COUNTIFS($A$2:A6, A6, $B$2:B6, 6)=1), 1, 0) -> 0 | I6: =IF(AND(B6=2, COUNTIFS($A$2:A6, A6, $B$2:B6, 2)=1), 1, 0) -> 0 | K6: 1 | L6: 2705
A7: 77010000052 | B7: 1 | C7: Внутри сети | D7: 0.43 | E7: 1 | F7: =IF(COUNTIF($A$2:A7, A7)=1, 1, 0) -> 1 | G7: =IF(AND(C7="Внутри сети", COUNTIFS($A$2:A7, A7, $C$2:C7, "Внутри сети")=1), 1, 0) -> 1 | H7: =IF(AND(B7=6, COUNTIFS($A$2:A7, A7, $B$2:B7, 6)=1), 1, 0) -> 0 | I7: =IF(AND(B7=2, COUNTIFS($A$2:A7, A7, $B$2:B7, 2)=1), 1, 0) -> 0 | K7: 2 | L7: 1758
A8: 77010000060 | B8: 1 | C8: Внутри сети | D8: 0.43 | E8: 1 | F8: =IF(COUNTIF($A$2:A8, A8)=1, 1, 0) -> 1 | G8: =IF(AND(C8="Внутри сети", COUNTIFS($A$2:A8, A8, $C$2:C8, "Внутри сети")=1), 1, 0) -> 1 | H8: =IF(AND(B8=6, COUNTIFS($A$2:A8, A8, $B$2:B8, 6)=1), 1, 0) -> 0 | I8: =IF(AND(B8=2, COUNTIFS($A$2:A8, A8, $B$2:B8, 2)=1), 1, 0) -> 0 | K8: 3 | L8: 712
A9: 77010000046 | B9: 1 | C9: Внутри сети | D9: 0.43 | E9: 1 | F9: =IF(COUNTIF($A$2:A9, A9)=1, 1, 0) -> 1 | G9: =IF(AND(C9="Внутри сети", COUNTIFS($A$2:A9, A9, $C$2:C9, "Внутри сети")=1), 1, 0) -> 1 | H9: =IF(AND(B9=6, COUNTIFS($A$2:A9, A9, $B$2:B9, 6)=1), 1, 0) -> 0 | I9: =IF(AND(B9=2, COUNTIFS($A$2:A9, A9, $B$2:B9, 2)=1), 1, 0) -> 0 | K9: 4 | L9: 303
A10: 77010000054 | B10: 1 | C10: Внутри сети | D10: 0.43 | E10: 1 | F10: =IF(COUNTIF($A$2:A10, A10)=1, 1, 0) -> 1 | G10: =IF(AND(C10="Внутри сети", COUNTIFS($A$2:A10, A10, $C$2:C10, "Внутри сети")=1), 1, 0) -> 1 | H10: =IF(AND(B10=6, COUNTIFS($A$2:A10, A10, $B$2:B10, 6)=1), 1, 0) -> 0 | I10: =IF(AND(B10=2, COUNTIFS($A$2:A10, A10, $B$2:B10, 2)=1), 1, 0) -> 0 | K10: 5 | L10: 1485
A11: 77010000062 | B11: 1 | C11: Внутри сети | D11: 0.43 | E11: 1 | F11: =IF(COUNTIF($A$2:A11, A11)=1, 1, 0) -> 1 | G11: =IF(AND(C11="Внутри сети", COUNTIFS($A$2:A11, A11, $C$2:C11, "Внутри сети")=1), 1, 0) -> 1 | H11: =IF(AND(B11=6, COUNTIFS($A$2:A11, A11, $B$2:B11, 6)=1), 1, 0) -> 0 | I11: =IF(AND(B11=2, COUNTIFS($A$2:A11, A11, $B$2:B11, 2)=1), 1, 0) -> 0 | K11: 6 | L11: 920
A12: 77010000065 | B12: 1 | C12: Внутри сети | D12: 0.43 | E12: 1 | F12: =IF(COUNTIF($A$2:A12, A12)=1, 1, 0) -> 1 | G12: =IF(AND(C12="Внутри сети", COUNTIFS($A$2:A12, A12, $C$2:C12, "Внутри сети")=1), 1, 0) -> 1 | H12: =IF(AND(B12=6, COUNTIFS($A$2:A12, A12, $B$2:B12, 6)=1), 1, 0) -> 0 | I12: =IF(AND(B12=2, COUNTIFS($A$2:A12, A12, $B$2:B12, 2)=1), 1, 0) -> 0 | K12: Внутри сети | L12: 869
A13: 77010000066 | B13: 1 | C13: Внутри сети | D13: 0.43 | E13: 1 | F13: =IF(COUNTIF($A$2:A13, A13)=1, 1, 0) -> 1 | G13: =IF(AND(C13="Внутри сети", COUNTIFS($A$2:A13, A13, $C$2:C13, "Внутри сети")=1), 1, 0) -> 1 | H13: =IF(AND(B13=6, COUNTIFS($A$2:A13, A13, $B$2:B13, 6)=1), 1, 0) -> 0 | I13: =IF(AND(B13=2, COUNTIFS($A$2:A13, A13, $B$2:B13, 2)=1), 1, 0) -> 0 | K13: На других операторов | L13: 38
A14: 77010000063 | B14: 1 | C14: На других операторов | D14: 7.43 | E14: 1 | F14: =IF(COUNTIF($A$2:A14, A14)=1, 1, 0) -> 1 | G14: =IF(AND(C14="Внутри сети", COUNTIFS($A$2:A14, A14, $C$2:C14, "Внутри сети")=1), 1, 0) -> 0 | H14: =IF(AND(B14=6, COUNTIFS($A$2:A14, A14, $B$2:B14, 6)=1), 1, 0) -> 0 | I14: =IF(AND(B14=2, COUNTIFS($A$2:A14, A14, $B$2:B14, 2)=1), 1, 0) -> 0 | K14: На межнар | L14: 13
A15: 77010000066 | B15: 1 | C15: Внутри сети | D15: 0.43 | E15: 1 | F15: =IF(COUNTIF($A$2:A15, A15)=1, 1, 0) -> 0 | G15: =IF(AND(C15="Внутри сети", COUNTIFS($A$2:A15, A15, $C$2:C15, "Внутри сети")=1), 1, 0) -> 0 | H15: =IF(AND(B15=6, COUNTIFS($A$2:A15, A15, $B$2:B15, 6)=1), 1, 0) -> 0 | I15: =IF(AND(B15=2, COUNTIFS($A$2:A15, A15, $B$2:B15, 2)=1), 1, 0) -> 0 | K15: Общий итог | L15: 7883
A16: 77010000045 | B16: 1 | C16: Внутри сети | D16: 0.43 | E16: 1 | F16: =IF(COUNTIF($A$2:A16, A16)=1, 1, 0) -> 1 | G16: =IF(AND(C16="Внутри сети", COUNTIFS($A$2:A16, A16, $C$2:C16, "Внутри сети")=1), 1, 0) -> 1 | H16: =IF(AND(B16=6, COUNTIFS($A$2:A16, A16, $B$2:B16, 6)=1), 1, 0) -> 0 | I16: =IF(AND(B16=2, COUNTIFS($A$2:A16, A16, $B$2:B16, 2)=1), 1, 0) -> 0
A17: 77010000082 | B17: 1 | C17: Внутри сети | D17: 0.43 | E17: 1 | F17: =IF(COUNTIF($A$2:A17, A17)=1, 1, 0) -> 1 | G17: =IF(AND(C17="Внутри сети", COUNTIFS($A$2:A17, A17, $C$2:C17, "Внутри сети")=1), 1, 0) -> 1 | H17: =IF(AND(B17=6, COUNTIFS($A$2:A17, A17, $B$2:B17, 6)=1), 1, 0) -> 0 | I17: =IF(AND(B17=2, COUNTIFS($A$2:A17, A17, $B$2:B17, 2)=1), 1, 0) -> 0
A18: 77010000094 | B18: 1 | C18: Внутри сети | D18: 0.43 | E18: 1 | F18: =IF(COUNTIF($A$2:A18, A18)=1, 1, 0) -> 1 | G18: =IF(AND(C18="Внутри сети", COUNTIFS($A$2:A18, A18, $C$2:C18, "Внутри сети")=1), 1, 0) -> 1 | H18: =IF(AND(B18=6, COUNTIFS($A$2:A18, A18, $B$2:B18, 6)=1), 1, 0) -> 0 | I18: =IF(AND(B18=2, COUNTIFS($A$2:A18, A18, $B$2:B18, 2)=1), 1, 0) -> 0
A19: 77010000003 | B19: 1 | C19: Внутри сети | D19: 0.43 | E19: 1 | F19: =IF(COUNTIF($A$2:A19, A19)=1, 1, 0) -> 0 | G19: =IF(AND(C19="Внутри сети", COUNTIFS($A$2:A19, A19, $C$2:C19, "Внутри сети")=1), 1, 0) -> 0 | H19: =IF(AND(B19=6, COUNTIFS($A$2:A19, A19, $B$2:B19, 6)=1), 1, 0) -> 0 | I19: =IF(AND(B19=2, COUNTIFS($A$2:A19, A19, $B$2:B19, 2)=1), 1, 0) -> 0
A20: 77010000042 | B20: 1 | C20: На городской | D20: 7.43 | E20: 1 | F20: =IF(COUNTIF($A$2:A20, A20)=1, 1, 0) -> 1 | G20: =IF(AND(C20="Внутри сети", COUNTIFS($A$2:A20, A20, $C$2:C20, "Внутри сети")=1), 1, 0) -> 0 | H20: =IF(AND(B20=6, COUNTIFS($A$2:A20, A20, $B$2:B20, 6)=1), 1, 0) -> 0 | I20: =IF(AND(B20=2, COUNTIFS($A$2:A20, A20, $B$2:B20, 2)=1), 1, 0) -> 0
A21: 77010000008 | B21: 1 | C21: Внутри сети | D21: 0.43 | E21: 1 | F21: =IF(COUNTIF($A$2:A21, A21)=1, 1, 0) -> 0 | G21: =IF(AND(C21="Внутри сети", COUNTIFS($A$2:A21, A21, $C$2:C21, "Внутри сети")=1), 1, 0) -> 0 | H21: =IF(AND(B21=6, COUNTIFS($A$2:A21, A21, $B$2:B21, 6)=1), 1, 0) -> 0 | I21: =IF(AND(B21=2, COUNTIFS($A$2:A21, A21, $B$2:B21, 2)=1), 1, 0) -> 0
A22: 77010000014 | B22: 1 | C22: Внутри сети | D22: 0.43 | E22: 1 | F22: =IF(COUNTIF($A$2:A22, A22)=1, 1, 0) -> 1 | G22: =IF(AND(C22="Внутри сети", COUNTIFS($A$2:A22, A22, $C$2:C22, "Внутри сети")=1), 1, 0) -> 1 | H22: =IF(AND(B22=6, COUNTIFS($A$2:A22, A22, $B$2:B22, 6)=1), 1, 0) -> 0 | I22: =IF(AND(B22=2, COUNTIFS($A$2:A22, A22, $B$2:B22, 2)=1), 1, 0) -> 0
A23: 77010000017 | B23: 1 | C23: Внутри сети | D23: 0.43 | E23: 1 | F23: =IF(COUNTIF($A$2:A23, A23)=1, 1, 0) -> 1 | G23: =IF(AND(C23="Внутри сети", COUNTIFS($A$2:A23, A23, $C$2:C23, "Внутри сети")=1), 1, 0) -> 1 | H23: =IF(AND(B23=6, COUNTIFS($A$2:A23, A23, $B$2:B23, 6)=1), 1, 0) -> 0 | I23: =IF(AND(B23=2, COUNTIFS($A$2:A23, A23, $B$2:B23, 2)=1), 1, 0) -> 0
A24: 77010000040 | B24: 1 | C24: Внутри сети | D24: 0.43 | E24: 1 | F24: =IF(COUNTIF($A$2:A24, A24)=1, 1, 0) -> 1 | G24: =IF(AND(C24="Внутри сети", COUNTIFS($A$2:A24, A24, $C$2:C24, "Внутри сети")=1), 1, 0) -> 1 | H24: =IF(AND(B24=6, COUNTIFS($A$2:A24, A24, $B$2:B24, 6)=1), 1, 0) -> 0 | I24: =IF(AND(B24=2, COUNTIFS($A$2:A24, A24, $B$2:B24, 2)=1), 1, 0) -> 0
A25: 77010000056 | B25: 1 | C25: Внутри сети | D25: 0.43 | E25: 1 | F25: =IF(COUNTIF($A$2:A25, A25)=1, 1, 0) -> 1 | G25: =IF(AND(C25="Внутри сети", COUNTIFS($A$2:A25, A25, $C$2:C25, "Внутри сети")=1), 1, 0) -> 1 | H25: =IF(AND(B25=6, COUNTIFS($A$2:A25, A25, $B$2:B25, 6)=1), 1, 0) -> 0 | I25: =IF(AND(B25=2, COUNTIFS($A$2:A25, A25, $B$2:B25, 2)=1), 1, 0) -> 0
A26: 77010000061 | B26: 1 | C26: Внутри сети | D26: 0.43 | E26: 1 | F26: =IF(COUNTIF($A$2:A26, A26)=1, 1, 0) -> 1 | G26: =IF(AND(C26="Внутри сети", COUNTIFS($A$2:A26, A26, $C$2:C26, "Внутри сети")=1), 1, 0) -> 1 | H26: =IF(AND(B26=6, COUNTIFS($A$2:A26, A26, $B$2:B26, 6)=1), 1, 0) -> 0 | I26: =IF(AND(B26=2, COUNTIFS($A$2:A26, A26, $B$2:B26, 2)=1), 1, 0) -> 0
A27: 77010000078 | B27: 1 | C27: Внутри сети | D27: 0.43 | E27: 1 | F27: =IF(COUNTIF($A$2:A27, A27)=1, 1, 0) -> 1 | G27: =IF(AND(C27="Внутри сети", COUNTIFS($A$2:A27, A27, $C$2:C27, "Внутри сети")=1), 1, 0) -> 1 | H27: =IF(AND(B27=6, COUNTIFS($A$2:A27, A27, $B$2:B27, 6)=1), 1, 0) -> 0 | I27: =IF(AND(B27=2, COUNTIFS($A$2:A27, A27, $B$2:B27, 2)=1), 1, 0) -> 0
... A624: 77010000246 | B624: 6 | C624: На других операторов | D624: 22.3 | E624: 24 | F624: =IF(COUNTIF($A$2:A624, A624)=1, 1, 0) -> 0 | G624: =IF(AND(C624="Внутри сети", COUNTIFS($A$2:A624, A624, $C$2:C624, "Внутри сети")=1), 1, 0) -> 0 | H624: =IF(AND(B624=6, COUNTIFS($A$2:A624, A624, $B$2:B624, 6)=1), 1, 0) -> 0 | I624: =IF(AND(B624=2, COUNTIFS($A$2:A624, A624, $B$2:B624, 2)=1), 1, 0) -> 0
